area,year,obs_days,avg_high,avg_low,avg_temp,max_temp,days_100,days_105,days_110,days_115,nights_90,freeze_days,gauges,rain_in,monsoon_in,winter_in,rain_days
Apache Junction,2016,355.0,87.65,59.68,73.66,117.0,96.65,56.55,13.37,2.06,0.0,3.08,3.0,9.62,3.14,6.48,43.33
Apache Junction,2017,328.0,87.73,59.47,73.6,118.0,107.94,62.32,10.02,5.56,1.11,6.68,3.0,11.33,7.04,4.29,33.67
Apache Junction,2018,362.0,87.14,58.53,72.83,115.0,109.9,57.47,10.08,1.01,1.01,6.05,2.0,9.42,4.6,4.82,38.5
Apache Junction,2019,364.0,84.56,57.55,71.06,112.0,93.26,62.17,16.04,0.0,0.0,10.03,2.0,17.86,4.82,13.04,48.5
Apache Junction,2020,360.0,87.95,58.04,73.0,114.0,131.81,82.12,29.4,0.0,0.0,6.08,3.0,6.23,1.08,5.15,22.0
Apache Junction,2021,359.0,87.11,58.68,72.9,115.0,91.5,46.77,12.2,2.03,1.02,3.05,2.0,12.6,7.93,4.68,52.0
Apache Junction,2022,363.0,86.07,58.04,72.06,113.0,105.58,44.24,15.08,0.0,0.0,3.02,2.0,13.65,6.88,6.77,53.5
Apache Junction,2023,359.0,86.25,57.51,71.88,115.0,102.69,64.05,28.47,1.02,0.0,7.12,2.0,9.62,2.72,6.9,41.0
Apache Junction,2024,325.0,87.07,57.8,72.44,114.0,129.15,102.2,22.46,0.0,0.0,7.86,1.0,8.1,0.68,7.42,41.0
Apache Junction,2025,312.0,87.09,57.97,72.53,115.0,98.27,57.32,23.4,3.51,0.0,7.02,2.0,8.09,2.11,5.98,30.5
Carefree/Cave Creek,2016,348.0,85.89,59.11,72.5,117.0,75.52,47.2,8.39,2.1,0.0,5.24,2.0,8.93,2.47,6.46,41.0
Carefree/Cave Creek,2017,305.0,86.69,60.03,73.36,118.0,106.51,61.03,9.57,5.98,0.0,3.59,1.0,8.25,1.56,6.69,24.0
Carefree/Cave Creek,2018,344.0,85.18,59.12,72.15,115.0,94.43,43.5,9.55,1.06,0.0,7.43,2.0,12.93,4.83,8.1,32.5
Carefree/Cave Creek,2019,342.0,82.91,57.03,69.97,112.0,78.98,46.96,11.74,0.0,0.0,14.94,2.0,16.2,2.86,13.34,44.0
Carefree/Cave Creek,2020,330.0,86.27,59.42,72.84,114.0,119.45,69.68,21.02,0.0,0.0,4.42,2.0,7.38,1.04,6.35,19.5
Carefree/Cave Creek,2021,312.0,84.49,57.1,70.8,115.0,65.51,31.59,9.36,1.17,0.0,5.85,1.0,14.0,8.47,5.53,34.0
Carefree/Cave Creek,2022,328.0,85.91,60.19,73.05,114.0,107.94,44.51,13.35,0.0,0.0,4.45,2.0,10.84,5.65,5.19,30.5
Carefree/Cave Creek,2023,331.0,84.84,58.69,71.77,116.0,92.63,56.24,28.67,1.1,0.0,8.82,1.0,9.98,1.76,8.22,27.0
Carefree/Cave Creek,2024,325.0,86.12,59.46,72.79,114.0,130.28,77.49,12.35,0.0,0.0,7.86,1.0,9.29,2.51,6.78,36.0
Carefree/Cave Creek,2025,316.0,86.51,59.62,73.06,114.0,91.25,48.51,8.09,0.0,0.0,6.93,1.0,14.61,6.82,7.79,40.0
Central Phoenix,2016,366.0,88.48,65.01,76.74,118.0,98.73,63.83,29.92,2.99,9.97,0.0,4.0,8.78,3.78,5.0,40.25
Central Phoenix,2017,365.0,89.23,65.41,77.32,119.0,109.0,69.0,25.0,6.0,7.0,0.0,4.0,6.31,3.16,3.15,27.75
Central Phoenix,2018,365.0,88.19,64.78,76.48,116.0,128.0,76.0,22.0,4.0,14.0,0.0,4.0,11.56,4.24,7.32,30.25
Central Phoenix,2019,365.0,86.36,63.72,75.04,115.0,103.0,75.0,29.0,2.0,12.0,1.0,3.0,8.62,1.98,6.65,40.33
Central Phoenix,2020,366.0,89.55,64.98,77.26,118.0,144.6,101.72,52.86,13.96,27.92,0.0,2.0,5.52,1.0,4.51,15.5
Central Phoenix,2021,365.0,88.22,64.56,76.39,118.0,104.0,69.0,22.0,7.0,9.0,0.0,3.0,8.92,5.56,3.36,39.67
Central Phoenix,2022,365.0,87.85,64.43,76.14,115.0,113.0,71.0,22.0,1.0,11.0,0.0,3.0,7.27,3.73,3.55,34.0
Central Phoenix,2023,365.0,88.87,65.41,77.14,119.0,133.0,88.0,55.0,22.0,35.0,0.0,3.0,4.71,0.8,3.91,27.33
Central Phoenix,2024,366.0,90.49,66.7,78.59,118.0,142.61,121.67,69.81,11.97,38.89,0.0,4.0,5.64,1.14,4.49,32.75
Central Phoenix,2025,365.0,89.74,66.47,78.11,118.0,122.0,80.0,37.0,5.0,23.0,0.0,3.0,9.55,4.58,4.97,33.67
Fountain Hills,2018,310.0,84.86,62.2,73.53,112.0,93.02,40.03,4.71,0.0,1.18,2.35,,,,,
Fountain Hills,2019,323.0,81.32,59.22,70.27,109.0,71.19,29.38,0.0,0.0,1.13,6.78,,,,,
Fountain Hills,2020,345.0,86.72,61.76,74.24,115.0,119.55,70.88,16.93,1.06,1.06,1.06,1.0,5.94,0.07,5.87,19.0
Fountain Hills,2021,306.0,83.33,59.71,71.52,114.0,63.22,26.24,9.54,0.0,0.0,0.0,,,,,
Fountain Hills,2022,340.0,84.26,61.32,72.79,111.0,85.88,33.28,4.29,0.0,2.15,0.0,1.0,7.35,4.12,3.23,35.0
Fountain Hills,2023,352.0,84.76,61.03,72.89,113.0,92.29,51.85,17.63,0.0,2.07,1.04,2.0,7.97,1.38,6.6,38.0
Fountain Hills,2024,357.0,86.44,60.56,73.5,114.0,123.71,76.68,16.36,0.0,0.0,4.09,2.0,7.99,1.41,6.58,43.0
Fountain Hills,2025,331.0,86.52,60.91,73.72,115.0,95.94,52.93,14.34,1.1,0.0,1.1,1.0,7.74,3.49,4.25,32.0
Gilbert/Chandler,2016,366.0,88.29,59.58,73.94,118.0,98.73,59.84,19.95,1.99,0.0,3.99,1.0,4.49,0.99,3.5,25.0
Gilbert/Chandler,2017,365.0,89.2,59.75,74.48,120.0,111.0,67.0,21.0,8.0,2.0,5.0,1.0,5.46,2.95,2.51,19.0
Gilbert/Chandler,2018,365.0,88.13,59.36,73.75,115.0,116.0,66.0,13.0,4.0,2.0,8.0,1.0,7.93,3.65,4.28,26.0
Gilbert/Chandler,2019,363.0,86.15,58.28,72.21,113.0,97.53,70.39,17.09,0.0,0.0,12.07,,,,,
Gilbert/Chandler,2020,365.0,89.16,58.72,73.94,116.0,142.0,95.0,42.0,5.0,2.0,8.0,3.0,3.85,0.4,3.45,18.0
Gilbert/Chandler,2021,364.0,87.69,58.88,73.29,117.0,97.27,49.13,17.05,3.01,0.0,7.02,3.0,9.38,6.68,2.71,36.0
Gilbert/Chandler,2022,365.0,87.26,58.72,72.99,113.0,108.0,59.0,20.0,0.0,1.0,6.0,1.0,7.56,3.03,4.53,35.0
Gilbert/Chandler,2023,365.0,87.62,58.02,72.82,116.0,113.0,71.0,40.0,6.0,1.0,10.0,2.0,4.62,0.35,4.27,26.5
Gilbert/Chandler,2024,365.0,89.35,59.3,74.32,116.0,138.0,117.0,48.0,4.0,2.0,6.0,2.0,4.82,0.7,4.12,26.0
Gilbert/Chandler,2025,363.0,89.07,59.74,74.41,117.0,121.67,73.4,33.18,6.03,0.0,7.04,3.0,8.93,2.34,6.59,30.67
Goodyear/Litchfield,2016,365.0,87.97,62.28,75.13,120.0,101.0,65.0,35.0,8.0,2.0,0.0,4.0,6.5,2.8,3.71,35.25
Goodyear/Litchfield,2017,333.0,88.48,63.05,75.77,118.0,118.38,69.05,25.21,5.48,1.1,0.0,3.0,7.52,4.73,2.79,22.33
Goodyear/Litchfield,2018,365.0,86.46,61.66,74.06,115.0,113.0,51.0,12.0,3.0,4.0,1.0,3.0,7.85,1.88,5.97,27.0
Goodyear/Litchfield,2019,365.0,86.5,60.69,73.6,115.0,105.0,84.0,32.0,2.0,1.0,2.0,3.0,10.64,2.35,8.3,45.33
Goodyear/Litchfield,2020,362.0,89.96,61.61,75.79,119.0,147.21,108.9,65.54,10.08,5.04,1.01,4.0,5.32,0.4,4.92,17.75
Goodyear/Litchfield,2021,,,,,,,,,,,,1.0,11.15,7.38,3.77,42.0
Goodyear/Litchfield,2022,,,,,,,,,,,,3.0,8.02,3.69,4.33,32.67
Goodyear/Litchfield,2023,,,,,,,,,,,,3.0,4.56,0.55,4.02,24.67
Goodyear/Litchfield,2024,,,,,,,,,,,,3.0,4.27,0.35,3.92,26.33
Goodyear/Litchfield,2025,,,,,,,,,,,,3.0,7.78,2.5,5.28,29.67
Mesa (East),2016,366.0,88.29,59.58,73.94,118.0,98.73,59.84,19.95,1.99,0.0,3.99,1.0,7.06,2.09,4.97,43.0
Mesa (East),2017,365.0,89.2,59.75,74.48,120.0,111.0,67.0,21.0,8.0,2.0,5.0,2.0,6.89,3.54,3.34,30.0
Mesa (East),2018,365.0,88.13,59.36,73.75,115.0,116.0,66.0,13.0,4.0,2.0,8.0,1.0,8.12,4.4,3.72,31.0
Mesa (East),2019,363.0,86.15,58.28,72.21,113.0,97.53,70.39,17.09,0.0,0.0,12.07,1.0,13.8,3.34,10.46,40.0
Mesa (East),2020,365.0,89.16,58.72,73.94,116.0,142.0,95.0,42.0,5.0,2.0,8.0,1.0,4.57,0.36,4.21,17.0
Mesa (East),2021,364.0,87.69,58.88,73.29,117.0,97.27,49.13,17.05,3.01,0.0,7.02,2.0,15.66,11.35,4.31,45.0
Mesa (East),2022,365.0,87.26,58.72,72.99,113.0,108.0,59.0,20.0,0.0,1.0,6.0,1.0,9.83,3.82,6.01,42.0
Mesa (East),2023,365.0,87.62,58.02,72.82,116.0,113.0,71.0,40.0,6.0,1.0,10.0,1.0,10.42,2.72,7.7,40.0
Mesa (East),2024,365.0,89.35,59.3,74.32,116.0,138.0,117.0,48.0,4.0,2.0,6.0,1.0,7.81,1.6,6.21,39.0
Mesa (East),2025,363.0,89.07,59.74,74.41,117.0,121.67,73.4,33.18,6.03,0.0,7.04,1.0,12.53,3.3,9.23,44.0
North Phoenix,2016,365.0,85.9,62.14,74.02,117.0,77.0,47.0,12.0,1.0,1.0,1.0,2.0,8.2,2.42,5.79,41.5
North Phoenix,2017,365.0,86.84,61.91,74.37,117.0,96.0,53.0,14.0,4.0,2.0,1.0,3.0,5.63,1.64,4.0,25.33
North Phoenix,2018,364.0,85.45,61.57,73.51,115.0,101.28,45.12,9.02,1.0,4.01,1.0,3.0,8.67,2.09,6.58,26.0
North Phoenix,2019,328.0,81.0,57.68,69.34,113.0,63.43,31.16,5.56,0.0,1.11,5.56,3.0,10.32,2.62,7.69,42.67
North Phoenix,2020,366.0,86.47,60.66,73.56,116.0,115.68,71.8,22.94,1.99,1.99,0.0,3.0,5.54,0.26,5.28,20.33
North Phoenix,2021,365.0,85.44,61.15,73.3,114.0,82.0,44.0,13.0,0.0,1.0,0.0,3.0,9.22,5.69,3.53,33.67
North Phoenix,2022,365.0,84.84,60.58,72.71,114.0,88.0,36.0,12.0,0.0,3.0,1.0,3.0,9.43,5.35,4.08,33.33
North Phoenix,2023,363.0,84.85,60.4,72.63,116.0,87.48,55.3,23.13,3.02,2.01,3.02,3.0,4.71,0.87,3.84,24.33
North Phoenix,2024,365.0,86.34,61.5,73.92,115.0,126.0,84.0,19.0,1.0,3.0,3.0,3.0,6.17,1.51,4.66,30.33
North Phoenix,2025,364.0,86.16,61.44,73.8,115.0,88.24,51.14,14.04,2.01,1.0,0.0,3.0,11.82,5.6,6.22,35.0
North Scottsdale,2016,,,,,,,,,,,,2.0,9.94,3.11,6.84,45.0
North Scottsdale,2017,302.0,85.73,63.33,74.53,112.0,68.89,15.71,4.83,0.0,1.21,0.0,2.0,8.24,1.89,6.35,27.5
North Scottsdale,2018,350.0,82.46,60.14,71.3,108.0,43.8,9.39,0.0,0.0,0.0,2.09,3.0,14.01,4.14,9.87,37.0
North Scottsdale,2019,345.0,80.74,58.35,69.54,109.0,50.78,12.7,0.0,0.0,0.0,9.52,3.0,14.92,2.56,12.36,51.67
North Scottsdale,2020,307.0,84.72,59.54,72.13,110.0,101.06,47.56,2.38,0.0,0.0,7.13,3.0,7.96,0.62,7.34,21.33
North Scottsdale,2021,350.0,82.63,59.73,71.18,110.0,44.84,13.56,4.17,0.0,0.0,3.13,3.0,17.67,10.59,7.07,48.0
North Scottsdale,2022,360.0,82.49,59.52,71.01,109.0,48.67,14.19,0.0,0.0,0.0,2.03,3.0,10.72,5.59,5.14,38.67
North Scottsdale,2023,351.0,82.5,59.78,71.14,111.0,62.39,34.32,4.16,0.0,0.0,7.28,3.0,9.49,1.46,8.03,36.67
North Scottsdale,2024,360.0,83.52,60.84,72.18,111.0,100.38,29.4,3.04,0.0,2.03,3.04,3.0,9.21,1.71,7.5,44.33
North Scottsdale,2025,348.0,83.3,60.91,72.11,113.0,57.69,16.78,2.1,0.0,0.0,0.0,3.0,13.29,4.7,8.59,41.33
Scottsdale,2016,365.0,86.28,62.78,74.53,117.0,78.0,44.0,11.0,1.0,2.0,2.0,2.0,8.1,2.9,5.2,45.0
Scottsdale,2017,365.0,87.53,62.91,75.22,118.0,100.0,57.0,14.0,4.0,2.0,0.0,2.0,6.1,2.62,3.48,31.0
Scottsdale,2018,364.0,86.34,62.43,74.39,115.0,109.3,47.13,10.03,2.01,7.02,1.0,2.0,9.25,3.05,6.2,35.0
Scottsdale,2019,363.0,84.62,61.4,73.01,114.0,94.52,59.33,13.07,0.0,6.03,4.02,2.0,10.14,2.41,7.73,45.5
Scottsdale,2020,366.0,87.62,62.53,75.08,117.0,128.65,77.79,27.92,1.99,8.98,1.0,2.0,5.55,0.56,5.0,16.5
Scottsdale,2021,365.0,86.35,62.28,74.32,115.0,83.0,51.0,15.0,2.0,5.0,0.0,2.0,11.42,7.48,3.94,42.5
Scottsdale,2022,364.0,85.76,62.16,73.96,114.0,93.26,45.12,13.04,0.0,5.01,1.0,2.0,8.96,5.0,3.96,39.0
Scottsdale,2023,365.0,85.73,62.21,73.97,116.0,93.0,59.0,30.0,4.0,20.0,1.0,2.0,5.44,0.68,4.75,31.0
Scottsdale,2024,366.0,87.18,62.91,75.04,115.0,128.65,87.76,23.93,1.99,11.97,4.99,2.0,5.6,0.8,4.79,31.5
Scottsdale,2025,365.0,87.06,62.85,74.96,116.0,101.0,62.0,20.0,3.0,3.0,0.0,2.0,9.57,4.54,5.03,38.0
Surprise/Sun City,2016,312.0,88.05,61.54,74.8,119.0,100.61,62.0,37.44,3.51,2.34,2.34,2.0,6.93,2.17,4.76,42.5
Surprise/Sun City,2017,288.0,88.86,61.6,75.23,119.0,108.99,88.72,46.89,7.6,1.27,0.0,3.0,6.35,2.72,3.63,23.33
Surprise/Sun City,2018,355.0,86.63,60.44,73.53,115.0,117.21,50.38,7.2,2.06,2.06,9.25,4.0,8.67,3.49,5.18,29.25
Surprise/Sun City,2019,364.0,84.74,58.69,71.71,116.0,100.27,70.19,24.07,1.0,0.0,12.03,4.0,12.37,2.95,9.42,43.75
Surprise/Sun City,2020,365.0,87.54,59.46,73.5,118.0,135.0,86.0,44.0,5.0,2.0,3.0,4.0,7.76,0.98,6.78,19.0
Surprise/Sun City,2021,365.0,86.69,60.21,73.45,116.0,96.0,57.0,17.0,4.0,1.0,1.0,4.0,9.6,5.84,3.76,37.75
Surprise/Sun City,2022,365.0,85.65,59.7,72.68,115.0,104.0,55.0,21.0,1.0,3.0,7.0,3.0,8.42,4.65,3.76,38.0
Surprise/Sun City,2023,342.0,85.53,59.31,72.42,118.0,102.46,67.24,37.35,9.61,5.34,6.4,2.0,5.38,0.68,4.71,26.5
Surprise/Sun City,2024,344.0,89.57,60.97,75.27,117.0,141.12,113.53,68.97,7.43,7.43,7.43,2.0,5.01,0.7,4.3,27.5
Surprise/Sun City,2025,303.0,87.46,59.48,73.47,118.0,107.21,62.64,31.32,7.23,2.41,7.23,1.0,9.36,4.21,5.15,32.0
Tempe,2016,289.0,89.2,56.41,72.8,116.0,99.78,58.1,13.89,1.26,0.0,7.58,2.0,6.74,2.33,4.4,34.0
Tempe,2017,319.0,89.79,56.74,73.26,117.0,110.99,61.79,10.3,1.14,0.0,3.43,2.0,6.53,3.69,2.84,25.5
Tempe,2018,,,,,,,,,,,,2.0,9.99,4.0,5.98,30.5
Tempe,2019,282.0,86.09,54.59,70.34,112.0,90.6,59.54,12.94,0.0,0.0,20.71,2.0,10.05,2.41,7.64,41.5
Tempe,2020,329.0,89.87,57.69,73.78,115.0,142.01,88.75,29.95,2.22,0.0,3.33,2.0,5.02,0.57,4.45,18.0
Tempe,2021,307.0,90.56,57.43,74.0,117.0,121.27,80.85,29.72,4.76,0.0,4.76,2.0,8.48,5.1,3.39,43.0
Tempe,2022,,,,,,,,,,,,2.0,6.36,2.83,3.53,39.0
Tempe,2023,,,,,,,,,,,,1.0,4.08,0.34,3.74,25.0
Tempe,2024,,,,,,,,,,,,1.0,4.82,1.04,3.78,30.0
Tempe,2025,,,,,,,,,,,,1.0,11.28,3.63,7.65,31.0
West Valley (Glendale/Peoria),2016,312.0,88.05,61.54,74.8,119.0,100.61,62.0,37.44,3.51,2.34,2.34,2.0,6.92,1.86,5.06,30.5
West Valley (Glendale/Peoria),2017,288.0,88.86,61.6,75.23,119.0,108.99,88.72,46.89,7.6,1.27,0.0,3.0,6.13,2.49,3.64,22.67
West Valley (Glendale/Peoria),2018,355.0,86.63,60.44,73.53,115.0,117.21,50.38,7.2,2.06,2.06,9.25,4.0,10.08,3.38,6.7,24.0
West Valley (Glendale/Peoria),2019,364.0,84.74,58.69,71.71,116.0,100.27,70.19,24.07,1.0,0.0,12.03,3.0,10.26,2.51,7.75,41.33
West Valley (Glendale/Peoria),2020,365.0,87.54,59.46,73.5,118.0,135.0,86.0,44.0,5.0,2.0,3.0,3.0,5.76,0.14,5.62,15.67
West Valley (Glendale/Peoria),2021,365.0,86.69,60.21,73.45,116.0,96.0,57.0,17.0,4.0,1.0,1.0,3.0,8.76,5.27,3.48,33.67
West Valley (Glendale/Peoria),2022,365.0,85.65,59.7,72.68,115.0,104.0,55.0,21.0,1.0,3.0,7.0,3.0,8.87,5.61,3.26,32.0
West Valley (Glendale/Peoria),2023,342.0,85.53,59.31,72.42,118.0,102.46,67.24,37.35,9.61,5.34,6.4,3.0,6.38,1.58,4.8,24.33
West Valley (Glendale/Peoria),2024,344.0,89.57,60.97,75.27,117.0,141.12,113.53,68.97,7.43,7.43,7.43,2.0,4.8,0.82,3.98,31.0
West Valley (Glendale/Peoria),2025,303.0,87.46,59.48,73.47,118.0,107.21,62.64,31.32,7.23,2.41,7.23,3.0,8.41,3.96,4.45,24.0
