area,year,fcd_gauges,fcd_rain_in,fcd_monsoon_in,fcd_winter_in,fcd_rain_days,fcd_wettest_gauge,fcd_driest_gauge
Central Phoenix,2016,6,6.98,2.84,4.14,25.83,9.6,4.33
Central Phoenix,2017,6,4.21,2.03,2.18,18.5,6.06,3.5
Central Phoenix,2018,6,9.3,2.86,6.44,23.83,11.38,8.46
Central Phoenix,2019,6,6.56,1.39,5.17,33.0,7.72,5.19
Central Phoenix,2020,6,4.63,0.28,4.36,11.33,5.39,3.46
Central Phoenix,2021,6,8.43,5.69,2.74,32.0,9.88,6.77
Central Phoenix,2022,6,5.62,2.71,2.91,26.33,6.73,4.76
Central Phoenix,2023,6,3.63,0.42,3.21,21.5,4.33,3.07
Central Phoenix,2024,5,4.38,0.51,3.87,21.8,5.31,2.99
Central Phoenix,2025,6,7.24,3.76,3.48,30.5,8.7,5.35
North Phoenix,2016,6,8.07,2.47,5.6,34.0,10.2,6.53
North Phoenix,2017,6,5.39,1.96,3.44,20.83,5.83,5.04
North Phoenix,2018,6,8.46,2.74,5.71,26.17,9.8,6.89
North Phoenix,2019,6,10.07,2.18,7.89,39.5,11.89,8.58
North Phoenix,2020,6,5.02,0.18,4.84,13.17,5.51,4.56
North Phoenix,2021,6,9.99,6.45,3.54,35.5,11.22,9.13
North Phoenix,2022,6,7.45,4.35,3.1,27.5,8.78,6.22
North Phoenix,2023,6,4.92,0.56,4.36,22.5,5.94,4.37
North Phoenix,2024,6,5.66,1.11,4.55,25.0,6.61,5.0
North Phoenix,2025,6,10.39,5.45,4.95,32.83,12.79,8.46
Scottsdale,2016,6,7.61,3.11,4.5,29.0,10.39,6.06
Scottsdale,2017,6,5.65,2.66,2.99,20.33,7.05,4.65
Scottsdale,2018,6,8.04,3.17,4.87,25.5,9.21,6.89
Scottsdale,2019,6,8.97,2.43,6.53,35.67,10.66,7.87
Scottsdale,2020,6,4.89,0.24,4.65,12.17,5.82,4.21
Scottsdale,2021,6,9.91,6.46,3.45,35.17,12.64,7.0
Scottsdale,2022,6,7.35,3.82,3.54,30.0,8.78,6.18
Scottsdale,2023,6,5.44,1.3,4.14,24.17,6.49,4.64
Scottsdale,2024,6,5.45,1.49,3.96,21.33,6.85,4.41
Scottsdale,2025,6,9.94,4.73,5.22,29.67,12.28,9.17
North Scottsdale,2016,6,8.57,2.81,5.76,32.5,9.33,7.44
North Scottsdale,2017,6,5.81,1.49,4.32,20.67,6.49,4.92
North Scottsdale,2018,6,12.08,4.2,7.89,31.0,12.79,10.9
North Scottsdale,2019,6,11.05,1.87,9.18,40.33,13.66,9.6
North Scottsdale,2020,6,5.69,0.45,5.25,15.5,6.18,5.35
North Scottsdale,2021,6,13.29,8.52,4.77,40.17,14.96,11.38
North Scottsdale,2022,6,8.8,4.94,3.86,28.67,13.03,7.01
North Scottsdale,2023,6,6.71,1.02,5.69,27.0,7.64,5.27
North Scottsdale,2024,6,7.15,1.3,5.85,33.0,7.6,6.73
North Scottsdale,2025,6,10.88,4.28,6.6,31.17,12.36,9.72
Tempe,2016,6,5.7,1.67,4.04,27.83,7.06,4.25
Tempe,2017,6,5.1,2.66,2.44,17.17,5.83,4.21
Tempe,2018,6,8.2,2.79,5.41,23.83,8.89,7.4
Tempe,2019,6,7.52,1.62,5.9,31.83,8.97,5.55
Tempe,2020,6,4.78,0.72,4.06,13.67,5.67,4.09
Tempe,2021,6,7.65,4.7,2.94,32.33,8.66,6.57
Tempe,2022,6,6.11,2.89,3.23,26.5,7.24,4.84
Tempe,2023,6,4.46,0.31,4.15,21.0,4.96,4.05
Tempe,2024,6,4.52,0.73,3.79,19.67,5.67,3.35
Tempe,2025,6,9.82,4.21,5.6,27.67,12.28,8.03
Mesa (East),2016,6,6.19,2.07,4.12,29.17,6.97,4.8
Mesa (East),2017,6,7.18,4.24,2.94,21.83,8.42,6.42
Mesa (East),2018,6,7.14,3.52,3.62,25.0,8.5,4.92
Mesa (East),2019,6,12.08,2.98,9.11,31.17,12.91,11.1
Mesa (East),2020,6,4.15,0.59,3.56,14.83,4.64,3.82
Mesa (East),2021,6,12.19,8.77,3.42,35.0,14.64,8.19
Mesa (East),2022,6,6.84,2.64,4.2,30.5,8.15,6.1
Mesa (East),2023,6,7.62,1.88,5.74,31.33,9.09,6.22
Mesa (East),2024,6,5.43,0.95,4.48,22.5,7.24,4.69
Mesa (East),2025,6,9.33,2.22,7.12,27.33,10.59,8.15
Gilbert,2016,4,5.14,1.35,3.79,25.75,6.57,3.78
Gilbert,2017,4,3.95,1.91,2.05,19.5,4.52,3.42
Gilbert,2018,4,5.87,2.43,3.44,23.0,8.22,4.49
Gilbert,2019,4,9.33,1.39,7.94,28.5,10.35,7.67
Gilbert,2020,4,3.57,0.47,3.1,16.25,4.05,3.19
Gilbert,2021,4,7.39,4.8,2.59,28.5,7.95,6.34
Gilbert,2022,4,6.49,2.77,3.72,29.25,7.09,5.55
Gilbert,2023,4,5.23,0.74,4.49,23.5,5.55,4.53
Gilbert,2024,3,3.88,0.68,3.2,19.33,3.94,3.82
Gilbert,2025,3,7.57,1.82,5.75,26.0,8.03,7.12
Chandler,2016,2,6.06,1.93,4.13,27.5,6.73,5.39
Chandler,2017,2,4.15,2.32,1.83,19.5,4.29,4.02
Chandler,2018,1,8.22,4.37,3.86,28.0,8.22,8.22
Chandler,2019,1,7.67,0.36,7.32,32.0,7.67,7.67
Chandler,2020,1,4.05,0.94,3.11,17.0,4.05,4.05
Chandler,2021,2,9.82,7.36,2.46,29.0,11.69,7.95
Chandler,2022,2,6.04,2.48,3.56,29.0,6.53,5.55
Chandler,2023,2,4.76,0.67,4.09,22.5,5.31,4.21
Chandler,2024,2,4.04,0.73,3.31,18.5,4.13,3.94
Chandler,2025,2,7.32,2.24,5.08,23.5,7.56,7.08
Fountain Hills,2016,6,7.98,2.26,5.73,31.0,9.05,7.36
Fountain Hills,2017,6,7.37,2.84,4.53,22.5,8.54,6.57
Fountain Hills,2018,6,9.88,4.84,5.04,28.0,10.51,8.98
Fountain Hills,2019,6,14.53,3.45,11.08,41.5,16.61,11.02
Fountain Hills,2020,6,5.35,0.02,5.33,12.83,6.02,4.72
Fountain Hills,2021,6,15.32,10.18,5.14,35.67,17.0,12.04
Fountain Hills,2022,6,8.08,3.65,4.43,28.17,9.76,6.18
Fountain Hills,2023,6,7.02,0.79,6.23,29.33,7.63,5.9
Fountain Hills,2024,6,6.81,1.28,5.54,26.67,7.63,6.22
Fountain Hills,2025,6,9.01,2.93,6.09,26.5,10.2,8.3
Carefree/Cave Creek,2016,4,8.67,2.57,6.1,34.75,10.08,6.97
Carefree/Cave Creek,2017,4,7.14,1.31,5.84,23.0,8.19,5.98
Carefree/Cave Creek,2018,4,10.27,2.93,7.34,33.5,11.45,9.48
Carefree/Cave Creek,2019,4,15.99,2.94,13.05,47.25,18.66,13.82
Carefree/Cave Creek,2020,4,6.48,1.05,5.43,19.5,7.0,5.79
Carefree/Cave Creek,2021,4,12.15,7.01,5.15,35.5,14.37,9.64
Carefree/Cave Creek,2022,4,9.06,5.25,3.81,30.75,10.27,6.73
Carefree/Cave Creek,2023,4,10.25,1.92,8.34,28.75,11.38,7.99
Carefree/Cave Creek,2024,4,8.06,2.16,5.89,33.25,9.13,6.93
Carefree/Cave Creek,2025,4,12.65,5.36,7.28,37.25,13.9,10.04
West Valley (Glendale/Peoria),2016,6,5.18,1.46,3.72,29.5,5.82,4.52
West Valley (Glendale/Peoria),2017,6,5.23,2.23,3.0,17.33,6.34,4.45
West Valley (Glendale/Peoria),2018,6,7.14,1.82,5.33,24.17,8.54,5.59
West Valley (Glendale/Peoria),2019,6,9.19,2.15,7.04,35.83,11.89,5.55
West Valley (Glendale/Peoria),2020,6,5.29,0.32,4.97,12.0,6.02,4.53
West Valley (Glendale/Peoria),2021,6,7.52,4.48,3.04,28.0,9.29,5.55
West Valley (Glendale/Peoria),2022,6,6.62,4.04,2.58,26.5,7.79,5.12
West Valley (Glendale/Peoria),2023,6,4.71,0.6,4.11,22.33,5.35,3.9
West Valley (Glendale/Peoria),2024,6,3.89,0.65,3.24,24.0,4.61,3.58
West Valley (Glendale/Peoria),2025,6,7.97,3.59,4.38,29.33,10.47,5.7
Surprise/Sun City,2016,4,5.25,1.53,3.72,32.25,5.63,4.52
Surprise/Sun City,2017,4,5.2,2.23,2.96,19.25,5.51,4.88
Surprise/Sun City,2018,4,6.42,2.21,4.21,27.0,8.54,5.27
Surprise/Sun City,2019,4,9.35,2.47,6.88,35.5,11.42,5.55
Surprise/Sun City,2020,4,6.35,0.57,5.78,12.25,6.85,5.67
Surprise/Sun City,2021,4,8.13,4.59,3.54,27.0,9.96,5.55
Surprise/Sun City,2022,4,7.67,4.5,3.17,28.0,8.19,7.2
Surprise/Sun City,2023,4,5.16,0.5,4.65,21.5,5.86,4.61
Surprise/Sun City,2024,4,4.39,1.02,3.37,24.5,5.19,3.42
Surprise/Sun City,2025,4,7.64,2.83,4.8,30.75,8.03,7.13
Goodyear/Litchfield,2016,4,4.85,1.62,3.23,28.75,5.98,2.83
Goodyear/Litchfield,2017,4,5.01,3.05,1.96,17.25,6.77,1.93
Goodyear/Litchfield,2018,4,6.57,1.43,5.15,24.0,7.36,5.98
Goodyear/Litchfield,2019,4,7.84,1.33,6.51,32.25,9.72,4.72
Goodyear/Litchfield,2020,4,4.45,0.27,4.18,13.5,5.47,2.99
Goodyear/Litchfield,2021,3,8.84,6.03,2.81,29.0,10.9,7.28
Goodyear/Litchfield,2022,4,5.15,2.44,2.71,25.5,5.67,4.37
Goodyear/Litchfield,2023,4,4.1,0.5,3.6,19.25,5.08,2.91
Goodyear/Litchfield,2024,4,3.34,0.5,2.84,20.75,4.68,2.4
Goodyear/Litchfield,2025,3,5.98,2.36,3.62,23.33,7.17,4.06
Apache Junction,2016,6,7.58,2.62,4.95,31.0,8.7,6.1
Apache Junction,2017,6,8.17,4.86,3.31,25.5,9.88,6.93
Apache Junction,2018,6,7.77,4.01,3.75,28.17,9.37,5.9
Apache Junction,2019,5,12.99,3.2,9.79,33.2,16.88,11.3
Apache Junction,2020,6,4.31,0.56,3.75,15.83,5.2,2.87
Apache Junction,2021,6,10.65,6.96,3.69,34.83,11.53,8.78
Apache Junction,2022,6,8.59,4.35,4.24,33.5,10.51,7.04
Apache Junction,2023,6,7.44,1.46,5.98,29.33,9.84,6.42
Apache Junction,2024,5,7.15,0.97,6.18,27.4,8.86,5.94
Apache Junction,2025,5,8.44,1.56,6.88,27.4,9.76,7.44
