area,fcd_gauges,fcd_years,fcd_rain_in,fcd_monsoon_in,fcd_winter_in,fcd_rain_days,fcd_driest_year,fcd_wettest_year,noaa_rain_in,diff_pct
Apache Junction,6,10,8.31,3.06,5.25,28.62,4.31,12.99,10.65,28.21
Carefree/Cave Creek,4,10,10.07,3.25,6.82,32.35,6.48,15.99,11.24,11.6
Central Phoenix,6,10,6.1,2.25,3.85,24.46,3.63,9.3,7.69,26.09
Chandler,2,10,6.21,2.34,3.87,24.65,4.04,9.82,7.0,12.6
Fountain Hills,6,10,9.14,3.22,5.91,28.22,5.35,15.32,7.4,-19.03
Gilbert,4,10,5.84,1.84,4.01,23.96,3.57,9.33,6.93,18.58
Goodyear/Litchfield,4,10,5.61,1.95,3.66,23.36,3.34,8.84,7.36,31.16
Mesa (East),6,10,7.82,2.99,4.83,26.87,4.15,12.19,9.67,23.71
North Phoenix,6,10,7.54,2.74,4.8,27.7,4.92,10.39,7.97,5.7
North Scottsdale,6,10,9.0,3.09,5.92,30.0,5.69,13.29,11.54,28.23
Scottsdale,6,10,7.33,2.94,4.38,26.3,4.89,9.94,8.01,9.37
Surprise/Sun City,4,10,6.55,2.25,4.31,25.8,4.39,9.35,7.98,21.82
Tempe,6,10,6.38,2.23,4.16,24.15,4.46,9.82,7.33,14.89
West Valley (Glendale/Peoria),6,10,6.27,2.13,4.14,24.9,3.89,9.19,7.64,21.71
