area,month,fcd_rain_in
Central Phoenix,1,0.571
Central Phoenix,2,0.615
Central Phoenix,3,0.674
Central Phoenix,4,0.106
Central Phoenix,5,0.018
Central Phoenix,6,0.103
Central Phoenix,7,0.674
Central Phoenix,8,0.969
Central Phoenix,9,0.513
Central Phoenix,10,0.805
Central Phoenix,11,0.38
Central Phoenix,12,0.681
North Phoenix,1,0.807
North Phoenix,2,0.816
North Phoenix,3,0.721
North Phoenix,4,0.207
North Phoenix,5,0.04
North Phoenix,6,0.113
North Phoenix,7,0.876
North Phoenix,8,1.13
North Phoenix,9,0.625
North Phoenix,10,0.764
North Phoenix,11,0.616
North Phoenix,12,0.826
Scottsdale,1,0.715
Scottsdale,2,0.811
Scottsdale,3,0.734
Scottsdale,4,0.101
Scottsdale,5,0.013
Scottsdale,6,0.186
Scottsdale,7,0.955
Scottsdale,8,1.138
Scottsdale,9,0.663
Scottsdale,10,0.784
Scottsdale,11,0.434
Scottsdale,12,0.793
North Scottsdale,1,1.018
North Scottsdale,2,1.019
North Scottsdale,3,0.972
North Scottsdale,4,0.123
North Scottsdale,5,0.088
North Scottsdale,6,0.198
North Scottsdale,7,0.975
North Scottsdale,8,1.398
North Scottsdale,9,0.514
North Scottsdale,10,0.944
North Scottsdale,11,0.651
North Scottsdale,12,1.102
Tempe,1,0.64
Tempe,2,0.696
Tempe,3,0.673
Tempe,4,0.111
Tempe,5,0.009
Tempe,6,0.106
Tempe,7,0.676
Tempe,8,0.86
Tempe,9,0.586
Tempe,10,0.88
Tempe,11,0.41
Tempe,12,0.737
Mesa (East),1,0.811
Mesa (East),2,0.949
Mesa (East),3,0.633
Mesa (East),4,0.068
Mesa (East),5,0.026
Mesa (East),6,0.082
Mesa (East),7,0.903
Mesa (East),8,1.34
Mesa (East),9,0.661
Mesa (East),10,0.758
Mesa (East),11,0.632
Mesa (East),12,0.954
Gilbert,1,0.63
Gilbert,2,0.725
Gilbert,3,0.508
Gilbert,4,0.072
Gilbert,5,0.016
Gilbert,6,0.05
Gilbert,7,0.647
Gilbert,8,0.748
Gilbert,9,0.386
Gilbert,10,0.71
Gilbert,11,0.513
Gilbert,12,0.845
Chandler,1,0.561
Chandler,2,0.514
Chandler,3,0.388
Chandler,4,0.075
Chandler,5,0.03
Chandler,6,0.081
Chandler,7,0.644
Chandler,8,1.157
Chandler,9,0.372
Chandler,10,0.707
Chandler,11,0.366
Chandler,12,0.718
Fountain Hills,1,1.118
Fountain Hills,2,1.22
Fountain Hills,3,0.855
Fountain Hills,4,0.09
Fountain Hills,5,0.056
Fountain Hills,6,0.104
Fountain Hills,7,0.907
Fountain Hills,8,1.455
Fountain Hills,9,0.758
Fountain Hills,10,0.655
Fountain Hills,11,0.703
Fountain Hills,12,1.218
Carefree/Cave Creek,1,1.221
Carefree/Cave Creek,2,1.326
Carefree/Cave Creek,3,1.093
Carefree/Cave Creek,4,0.177
Carefree/Cave Creek,5,0.108
Carefree/Cave Creek,6,0.21
Carefree/Cave Creek,7,0.973
Carefree/Cave Creek,8,1.377
Carefree/Cave Creek,9,0.691
Carefree/Cave Creek,10,0.808
Carefree/Cave Creek,11,0.947
Carefree/Cave Creek,12,1.142
West Valley (Glendale/Peoria),1,0.612
West Valley (Glendale/Peoria),2,0.691
West Valley (Glendale/Peoria),3,0.659
West Valley (Glendale/Peoria),4,0.094
West Valley (Glendale/Peoria),5,0.05
West Valley (Glendale/Peoria),6,0.133
West Valley (Glendale/Peoria),7,0.662
West Valley (Glendale/Peoria),8,0.802
West Valley (Glendale/Peoria),9,0.536
West Valley (Glendale/Peoria),10,0.72
West Valley (Glendale/Peoria),11,0.59
West Valley (Glendale/Peoria),12,0.723
Surprise/Sun City,1,0.684
Surprise/Sun City,2,0.721
Surprise/Sun City,3,0.772
Surprise/Sun City,4,0.117
Surprise/Sun City,5,0.091
Surprise/Sun City,6,0.199
Surprise/Sun City,7,0.852
Surprise/Sun City,8,0.756
Surprise/Sun City,9,0.44
Surprise/Sun City,10,0.628
Surprise/Sun City,11,0.59
Surprise/Sun City,12,0.704
Goodyear/Litchfield,1,0.561
Goodyear/Litchfield,2,0.52
Goodyear/Litchfield,3,0.584
Goodyear/Litchfield,4,0.103
Goodyear/Litchfield,5,0.08
Goodyear/Litchfield,6,0.09
Goodyear/Litchfield,7,0.775
Goodyear/Litchfield,8,0.697
Goodyear/Litchfield,9,0.418
Goodyear/Litchfield,10,0.641
Goodyear/Litchfield,11,0.558
Goodyear/Litchfield,12,0.647
Apache Junction,1,0.916
Apache Junction,2,1.148
Apache Junction,3,0.738
Apache Junction,4,0.098
Apache Junction,5,0.062
Apache Junction,6,0.079
Apache Junction,7,1.154
Apache Junction,8,1.199
Apache Junction,9,0.63
Apache Junction,10,0.731
Apache Junction,11,0.636
Apache Junction,12,0.946
