area,month,avg_high,avg_low,rain_in
Ahwatukee,1,66.75,43.9,0.77
Ahwatukee,2,71.47,47.23,0.78
Ahwatukee,3,77.23,52.85,0.82
Ahwatukee,4,87.23,60.27,0.0
Ahwatukee,5,94.31,67.86,0.0
Ahwatukee,6,105.4,78.36,0.01
Ahwatukee,7,107.46,85.27,0.2
Ahwatukee,8,105.44,83.52,0.9
Ahwatukee,9,100.52,77.29,0.08
Ahwatukee,10,90.11,64.68,0.08
Ahwatukee,11,77.88,53.2,0.26
Ahwatukee,12,68.8,45.98,0.08
Anthem/New River,1,64.76,42.72,0.75
Anthem/New River,2,69.0,45.48,1.05
Anthem/New River,3,74.72,50.26,1.17
Anthem/New River,4,84.72,57.13,0.1
Anthem/New River,5,91.68,63.84,0.13
Anthem/New River,6,102.86,74.46,0.37
Anthem/New River,7,105.74,82.34,0.95
Anthem/New River,8,103.56,81.02,1.06
Anthem/New River,9,98.13,75.01,1.0
Anthem/New River,10,87.75,63.13,0.59
Anthem/New River,11,75.81,52.12,1.07
Anthem/New River,12,66.9,44.91,0.91
Apache Junction,1,65.21,41.93,1.23
Apache Junction,2,70.59,43.68,1.39
Apache Junction,3,77.24,46.86,0.87
Apache Junction,4,86.7,53.47,0.17
Apache Junction,5,93.65,60.0,0.1
Apache Junction,6,104.46,70.57,0.11
Apache Junction,7,106.48,78.65,1.57
Apache Junction,8,104.6,77.1,1.45
Apache Junction,9,99.88,71.65,0.96
Apache Junction,10,89.28,60.5,0.84
Apache Junction,11,76.76,50.78,0.8
Apache Junction,12,67.95,44.18,1.15
Avondale/Litchfield Park,1,65.63,43.42,0.72
Avondale/Litchfield Park,2,70.42,46.67,0.76
Avondale/Litchfield Park,3,76.4,52.59,0.78
Avondale/Litchfield Park,4,86.63,60.13,0.17
Avondale/Litchfield Park,5,93.53,67.93,0.12
Avondale/Litchfield Park,6,104.34,78.04,0.13
Avondale/Litchfield Park,7,106.81,84.91,1.11
Avondale/Litchfield Park,8,105.28,83.96,0.89
Avondale/Litchfield Park,9,99.66,76.8,0.54
Avondale/Litchfield Park,10,89.27,64.1,0.74
Avondale/Litchfield Park,11,76.81,52.42,0.67
Avondale/Litchfield Park,12,67.45,45.3,0.75
Buckeye,1,64.58,39.66,
Buckeye,2,69.73,42.27,
Buckeye,3,75.77,47.83,
Buckeye,4,85.86,54.58,
Buckeye,5,92.56,62.19,
Buckeye,6,103.57,72.83,
Buckeye,7,106.72,81.12,
Buckeye,8,104.72,80.71,
Buckeye,9,98.48,72.66,
Buckeye,10,88.01,59.22,
Buckeye,11,76.07,47.7,
Buckeye,12,66.83,41.37,
Carefree/Cave Creek,1,63.97,41.41,1.39
Carefree/Cave Creek,2,68.65,44.06,1.42
Carefree/Cave Creek,3,74.49,48.43,1.36
Carefree/Cave Creek,4,84.09,54.74,0.21
Carefree/Cave Creek,5,91.52,61.46,0.11
Carefree/Cave Creek,6,102.69,71.85,0.15
Carefree/Cave Creek,7,105.86,78.38,1.08
Carefree/Cave Creek,8,104.03,77.28,1.61
Carefree/Cave Creek,9,97.96,71.43,0.95
Carefree/Cave Creek,10,87.48,61.59,0.91
Carefree/Cave Creek,11,75.64,50.96,0.95
Carefree/Cave Creek,12,67.04,43.96,1.1
Central Phoenix,1,67.47,45.37,0.76
Central Phoenix,2,72.19,48.85,0.77
Central Phoenix,3,78.1,54.45,0.73
Central Phoenix,4,88.18,62.1,0.2
Central Phoenix,5,95.27,69.81,0.03
Central Phoenix,6,106.34,80.55,0.14
Central Phoenix,7,108.57,86.51,0.93
Central Phoenix,8,106.7,84.76,1.26
Central Phoenix,9,101.62,79.0,0.66
Central Phoenix,10,91.03,66.72,0.97
Central Phoenix,11,78.69,55.16,0.45
Central Phoenix,12,69.44,47.59,0.78
Chandler,1,66.03,42.43,0.79
Chandler,2,70.71,45.56,0.87
Chandler,3,76.36,51.25,0.59
Chandler,4,86.28,58.44,0.14
Chandler,5,93.35,65.9,0.06
Chandler,6,104.46,76.17,0.06
Chandler,7,106.31,83.99,0.91
Chandler,8,104.15,82.27,1.34
Chandler,9,99.41,75.55,0.33
Chandler,10,89.19,62.65,0.75
Chandler,11,77.07,51.21,0.64
Chandler,12,68.15,44.31,0.52
Fountain Hills,1,64.29,43.76,0.66
Fountain Hills,2,68.59,45.65,1.33
Fountain Hills,3,73.8,50.39,1.72
Fountain Hills,4,84.28,57.6,0.19
Fountain Hills,5,91.51,63.55,0.05
Fountain Hills,6,102.44,73.93,0.14
Fountain Hills,7,105.73,81.82,0.31
Fountain Hills,8,102.9,80.27,0.83
Fountain Hills,9,98.44,74.58,0.81
Fountain Hills,10,88.06,63.44,0.08
Fountain Hills,11,76.13,52.9,0.6
Fountain Hills,12,67.36,46.53,0.66
Gilbert,1,65.47,41.47,0.56
Gilbert,2,70.1,44.61,0.7
Gilbert,3,75.99,50.05,0.95
Gilbert,4,85.72,57.28,0.13
Gilbert,5,92.87,64.83,0.02
Gilbert,6,103.77,75.08,0.1
Gilbert,7,105.83,82.68,0.81
Gilbert,8,103.61,81.27,0.74
Gilbert,9,98.98,74.63,0.48
Gilbert,10,88.79,61.97,0.99
Gilbert,11,76.83,50.45,0.4
Gilbert,12,67.58,43.44,1.05
Goodyear,1,65.63,43.42,0.71
Goodyear,2,70.42,46.67,0.67
Goodyear,3,76.4,52.59,0.65
Goodyear,4,86.63,60.13,0.19
Goodyear,5,93.53,67.93,0.21
Goodyear,6,104.34,78.04,0.11
Goodyear,7,106.81,84.91,0.77
Goodyear,8,105.28,83.96,0.77
Goodyear,9,99.66,76.8,0.4
Goodyear,10,89.27,64.1,0.93
Goodyear,11,76.81,52.42,0.88
Goodyear,12,67.45,45.3,0.51
Mesa (East),1,67.23,40.7,1.02
Mesa (East),2,71.87,43.23,1.13
Mesa (East),3,78.09,47.81,0.87
Mesa (East),4,88.0,55.05,0.12
Mesa (East),5,94.89,62.39,0.04
Mesa (East),6,105.65,72.95,0.12
Mesa (East),7,107.56,81.17,0.96
Mesa (East),8,105.49,79.38,1.76
Mesa (East),9,100.78,72.55,0.82
Mesa (East),10,90.64,60.45,0.92
Mesa (East),11,78.1,49.29,0.8
Mesa (East),12,69.29,42.61,1.13
North Phoenix,1,64.76,42.72,0.8
North Phoenix,2,69.0,45.48,0.79
North Phoenix,3,74.72,50.26,0.75
North Phoenix,4,84.72,57.13,0.25
North Phoenix,5,91.68,63.84,0.06
North Phoenix,6,102.86,74.46,0.14
North Phoenix,7,105.74,82.34,0.88
North Phoenix,8,103.56,81.02,1.13
North Phoenix,9,98.13,75.01,0.66
North Phoenix,10,87.75,63.13,0.93
North Phoenix,11,75.81,52.12,0.78
North Phoenix,12,66.9,44.91,0.81
North Scottsdale,1,63.96,43.37,1.41
North Scottsdale,2,67.35,45.82,1.44
North Scottsdale,3,71.24,48.78,1.3
North Scottsdale,4,81.11,56.12,0.19
North Scottsdale,5,87.76,62.49,0.15
North Scottsdale,6,98.4,72.96,0.2
North Scottsdale,7,101.5,78.73,1.26
North Scottsdale,8,99.95,77.18,1.47
North Scottsdale,9,95.67,72.68,0.71
North Scottsdale,10,85.89,62.69,1.23
North Scottsdale,11,74.77,53.0,0.84
North Scottsdale,12,67.21,46.29,1.36
Queen Creek,1,64.91,40.51,
Queen Creek,2,69.47,43.63,
Queen Creek,3,75.61,48.85,
Queen Creek,4,85.15,56.12,
Queen Creek,5,92.39,63.77,
Queen Creek,6,103.08,73.99,
Queen Creek,7,105.34,81.36,
Queen Creek,8,103.07,80.27,
Queen Creek,9,98.51,73.71,
Queen Creek,10,88.39,61.29,
Queen Creek,11,76.6,49.68,
Queen Creek,12,67.01,42.57,
San Tan Valley,1,64.91,40.51,0.88
San Tan Valley,2,69.47,43.63,1.28
San Tan Valley,3,75.61,48.85,0.57
San Tan Valley,4,85.15,56.12,0.03
San Tan Valley,5,92.39,63.77,0.04
San Tan Valley,6,103.08,73.99,0.16
San Tan Valley,7,105.34,81.36,1.65
San Tan Valley,8,103.07,80.27,1.35
San Tan Valley,9,98.51,73.71,0.71
San Tan Valley,10,88.39,61.29,0.44
San Tan Valley,11,76.6,49.68,0.75
San Tan Valley,12,67.01,42.57,0.99
Scottsdale,1,65.87,42.92,0.84
Scottsdale,2,70.06,46.16,0.87
Scottsdale,3,75.77,51.64,0.85
Scottsdale,4,85.54,59.3,0.15
Scottsdale,5,92.54,66.97,0.05
Scottsdale,6,103.68,77.68,0.2
Scottsdale,7,106.25,84.2,1.0
Scottsdale,8,104.33,82.36,1.2
Scottsdale,9,99.11,76.26,0.6
Scottsdale,10,88.69,63.58,0.82
Scottsdale,11,76.8,52.18,0.5
Scottsdale,12,67.93,45.19,0.92
Surprise/Sun City,1,64.6,40.54,0.75
Surprise/Sun City,2,69.75,43.37,0.89
Surprise/Sun City,3,76.98,48.82,0.89
Surprise/Sun City,4,88.02,56.89,0.16
Surprise/Sun City,5,94.58,64.64,0.18
Surprise/Sun City,6,105.52,75.49,0.21
Surprise/Sun City,7,108.32,83.21,1.01
Surprise/Sun City,8,105.95,81.87,0.99
Surprise/Sun City,9,100.28,74.74,0.62
Surprise/Sun City,10,88.95,61.26,0.74
Surprise/Sun City,11,75.88,49.07,0.7
Surprise/Sun City,12,66.11,42.19,0.84
Tempe,1,69.85,38.25,0.7
Tempe,2,74.61,40.89,0.76
Tempe,3,80.3,46.48,0.59
Tempe,4,88.96,53.3,0.13
Tempe,5,95.24,59.22,0.03
Tempe,6,105.51,69.0,0.13
Tempe,7,107.3,77.4,0.84
Tempe,8,106.02,76.07,1.1
Tempe,9,101.88,69.63,0.53
Tempe,10,92.45,58.62,1.16
Tempe,11,80.81,47.18,0.55
Tempe,12,71.78,40.58,0.82
West Valley (Glendale/Peoria),1,65.76,43.31,0.74
West Valley (Glendale/Peoria),2,70.33,46.86,0.85
West Valley (Glendale/Peoria),3,76.2,52.52,0.75
West Valley (Glendale/Peoria),4,86.52,60.58,0.13
West Valley (Glendale/Peoria),5,93.37,69.09,0.1
West Valley (Glendale/Peoria),6,104.63,79.66,0.1
West Valley (Glendale/Peoria),7,107.0,86.57,0.96
West Valley (Glendale/Peoria),8,105.0,84.83,1.0
West Valley (Glendale/Peoria),9,99.64,77.32,0.69
West Valley (Glendale/Peoria),10,89.0,64.15,0.84
West Valley (Glendale/Peoria),11,76.73,52.3,0.63
West Valley (Glendale/Peoria),12,67.55,45.55,0.84
